{"gbDKuQgUx702LNS95RyMNg==":"mbr-1.jpg","04sx91A9OFPVfnHsr0CBug==":"mbr-2.jpg","vx1HCfMmqDU+s7Eui2JRdg==":"mbr-3.jpg","KZ9bLk9AH2ZsJ75m1vIHgA==":"mbr.png","Y3vQ9NrQmNgUekrM4H/8nA==":"mbr-3.jpeg","4jMTBEKvtHt4yLp64yJ7rQ==":"mbr-4.jpg","vlgcUSC18u1mj5K5ihrfAw==":"mbr-7.jpg","tTz86reHysGEwhEcX5uwVA==":"mbr-8.jpg","HPvps2PYs2xvCuXnWbZ9Hw==":"mbr-8.jpeg","KF+Wa3qUz9G/nA/BRqWBHw==":"mbr.jpeg","LsH5lvBYKniR4SADVP1NTQ==":"mbr-9.jpeg","xvEZoRtTpRo8PQiyUW4s5Q==":"mbr-10.jpg","IDI+CXQpTCod/TkNrC3CYQ==":"mbr.jpg","X0NkBDGMu+zd4PYMoLSDwA==":"mbr-5.jpg","wX76oSpNBIHut/EW6vVidQ==":"mbr-1.jpeg","kBWcS24dsvzugKxtOJfDkA==":"mbr-10.jpeg","Z/ClnnlXN2FRMrNbRm89zQ==":"screenshot%25202026-01-20%2520042347-583x223.png","HyzR9wf+DpY6dgMUICRLxw==":"easy%2520clean%25201-523x178.png","jFK0rJaz5/4dZQXOkB//zA==":"screenshot%25202026-01-20%2520042347-583x223.png","Sk2iPeMjheIEstxLqsfroA==":"as%2520about-498x282.png","SvfnIr8SoIaG36N43ptM0A==":"1-1.png","UcT/KKTRoGMLttn9t37HQA==":"2-1.png","V8qsL1nTOR1mttwP2zNSyQ==":"3-1.png"}